HPRebar	HPRebar\HPRebar.Mcp.Server\bin\Debug\net10.0\HPRebar.Mcp.Server.exe	debug-bin	33	40a4d950edc0d5e8c31624b36546eb0ce54f08c1091c0ccca7596a09a760c14b	8840d39686b76f2b901aba6dd06b5de499506bf7052704cf3b2b3432f7d874fc
HPAutoCad	HPAutoCad\HPAutoCad.Mcp.Server\bin\Debug\net10.0\HPAutoCad.Mcp.Server.exe	debug-bin	62	bdbb2729a41607cb7346979e5ea281dc9741ec80ec41fc8b4889a21447bc318a	b87df8f3c75bc217caef825404b96a5943d3fd2ec9ca33c079f7da9ccb6d185c
HPCivil3d	HPCivil3d\HPCivil3d.Mcp.Server\bin\Debug\net10.0\HPCivil3d.Mcp.Server.exe	debug-bin	24	4e1f49a3b5a44cc4bcf6e6c11b95ba64902cd21e17332a5b4f0551a3fe54639a	6e75c290f4f0bb56e39aad35a40d9d0587e2bc5df06140103a2cb36fbfc12678
HPNavis	HPNavis\HPNavis.Mcp.Server\bin\Debug\net10.0\HPNavis.Mcp.Server.exe	debug-bin	24	d16b96554479b49343766b2f04f52471a574a566dfae23b75a1e27f71a9c9ecc	026143b7a00e869f753adc6c1991a028ebed5e6dc64f5cf80b204e5f06732e67
HPEtabs	HPEtabs\HPEtabs.Mcp.Server\bin\Debug\net10.0\HPEtabs.Mcp.Server.exe	debug-bin	25	eee44fbad2eb7eb4f9a2286168284cdb169a45bbb9b5d26a621a8cec9d0d425c	1ffeba1acd0f047e782cd564b3be3e48473033a979e623fafee3c248b6cc337e
HPSap2000	HPSap2000\HPSap2000.Mcp.Server\bin\Debug\net10.0\HPSap2000.Mcp.Server.exe	debug-bin	24	15c37be0340a0347ed1528b571526f113b1fea22e32584e60ce55c254056b611	120e06a2538e09664929ef4d29381d8516474f1d96c7cf26f2b00a67d4d16e05
HPRobot	HPRobot\HPRobot.Mcp.Server\bin\Debug\net10.0\HPRobot.Mcp.Server.exe	debug-bin	24	36f71f0952073d4deea4d3424ec6f5df095eff77229b86c6adcd422c9dbea171	cd4842e685fbd1efb17b005809e4c6a898a3b7c0f0ba62040034902a49b7fe08
HPExcel	HPExcel\HPExcel.Mcp.Server\bin\Debug\net10.0\HPExcel.Mcp.Server.exe	debug-bin	24	85a5bfd87c2705154ef5c9f2755183b879f401e4942a03e12a3f5556157a2b39	63af21f260a1e5b4438c0f12338bdddea2dae1aee90c0e65c2eac1a480be4352
HPPowerBi	HPPowerBi\HPPowerBi.Mcp.Server\bin\Debug\net10.0\HPPowerBi.Mcp.Server.exe	debug-bin	22	ff85e88ee87a6d8505d4cf1a415f158fbab9754388649b69684c5f70f6217d11	40f746efcf85a3fdca18fe945a90b10543261079a09f7f11342f2bfc771177eb
HPTekla	HPTekla\HPTekla.Mcp.Server\bin\Debug\net10.0\HPTekla.Mcp.Server.exe	debug-bin	24	ed7ba4b6c0f816314b69cc3541c99efed6a54ed2e5b5add3c0b0b231a9ceb17f	196b3195a658fd387a733c6fff08d6b1bf84aba4b6a9e8f26143547037435654
